url,subreddit,title,content,intent,value,date_extracted
https://www.reddit.com/r/marketing/comments/1bt4btx/looking_for_a_marketeragency/,marketing,Looking for a marketer/agency : r/marketing - Reddit,We're a web hosting company  and we're looking for an individual marketer  or an agency to market our services. Hopefully  this is the right place to post this. If there's anyone offering such services  please message me to discuss.,high,$10-20,2026-03-31T04:32:00.966424
https://www.reddit.com/r/marketing/comments/10atxep/how_to_find_agencies_that_work_with_a_company/,marketing,r/marketingHow to find agencies that work with a company,,medium,$0.50-2,2026-03-31T04:32:00.966474
https://www.reddit.com/r/marketing/comments/1302uq5/looking_for_a_marketing_agency/,marketing,Looking for a marketing agency : r/marketing - Reddit,For marketing communications + advertising industry professionals to discuss and ask questions related to marketing strategy  media planning  digital  social  search  campaigns  data science  email  user experience  content  copywriting  segmentation  attribution  data visualization  testing  optimi,high,$10-20,2026-03-31T04:32:00.966487
https://www.reddit.com/r/marketing/comments/1klwocu/how_would_you_go_about_finding_a_good_marketing/,marketing,r/marketingHow would you go about finding a good marketing agency?,,medium,$0.50-2,2026-03-31T04:32:00.966501
https://www.reddit.com/r/marketing/comments/182p97q/looking_for_a_bit_of_advice_working_with_an_agency/,marketing,Looking for a bit of advice working with an agency - Reddit,I run a small clothing business. I'm looking to work with a marketing agency to help setup my ads properly and just get some more general marketing and strategy advice Ad spend I'm looking to do around £560 a month. The agency are asking for £400 per month. I did work with another agency which was c,high,$10-20,2026-03-31T04:32:00.966513
https://www.reddit.com/r/marketing/comments/1kwfvds/what_are_some_reputable_digital_marketing/,marketing,r/marketingWhat are some reputable digital marketing agencies you've worked with that deliver real results?,,medium,$0.50-2,2026-03-31T04:32:00.966528
https://www.reddit.com/r/marketing/comments/118casg/what_are_you_looking_for_for_a_good_marketing/,marketing,what are you looking for for a good marketing agency?,For marketing communications + advertising industry professionals to discuss and ask questions related to marketing strategy  media planning  digital  social  search  campaigns  data science  email  user experience  content  copywriting  segmentation  attribution  data visualization  testing  optimi,high,$10-20,2026-03-31T04:32:00.966539
https://www.reddit.com/r/marketing/comments/1mzq6s2/looking_for_marketing_agency_recommendations/,marketing,r/marketingLooking for Marketing Agency Recommendations (Partnerships in Mind),,high,$10-20,2026-03-31T04:32:00.966557
https://www.reddit.com/r/marketing/comments/vw0ba2/looking_for_agency/,marketing,LOOKING FOR AGENCY : r/marketing - Reddit,I am looking for an agency to run my marketing for my e-commerce site. I would like to work with an agency that can both create content and run the ads. Can anybody help me out?,high,$10-20,2026-03-31T04:32:00.966567
https://www.reddit.com/r/marketing/comments/r35oja/how_to_get_an_entry_level_job_at_an_agency/,marketing,r/marketingHow to get an entry level job at an agency?,,medium,$0.50-2,2026-03-31T04:32:00.966579
https://www.reddit.com/r/marketing/comments/1c4e7fu/looking_for_agency_growth_advice_needed/,marketing,Looking for Agency Growth - *Advice Needed* : r/marketing - Reddit,For marketing communications + advertising industry professionals to discuss and ask questions related to marketing strategy  media planning  digital  social  search  campaigns  data science  email  user experience  content  copywriting  segmentation  attribution  data visualization  testing  optimi,high,$10-20,2026-03-31T04:32:00.966588
https://www.reddit.com/r/marketing/comments/1mf3hvv/how_do_you_find_quality_freelancers_or_agencies/,marketing,r/marketingHow do you find quality freelancers or agencies?,,medium,$0.50-2,2026-03-31T04:32:00.966601
https://www.reddit.com/r/marketing/comments/uz4m1y/looking_for_agency_recommendations_copywriting/,marketing,looking for agency recommendations: copywriting  graphic design  video ...,looking for a separate agency for each element. Have used graphic zoo (for example) and looking for agencies with a similar market offering but perhaps just a tad higher in terms of abilities and turnaround times (which I understand would be more expensive) Appreciate all feedback!,high,$10-20,2026-03-31T04:32:00.966610
https://www.reddit.com/r/marketing/comments/169ev1y/how_to_find_work_in_marketing_agencies/,marketing,r/marketingHow to find work in marketing agencies,,medium,$0.50-2,2026-03-31T04:32:00.966622
https://www.reddit.com/r/marketing/comments/195ci0v/looking_for_influencer_agency/,marketing,Looking for Influencer Agency : r/marketing - Reddit,Looking for Influencer Agency I'll be launching a Sports Betting Discord in about 1-2 weeks. I'm offering a 40% affiliate deal for every converted lead membership (Around $20 USD) plus a discount coupon for the creator's audience. Can anyone recommend an agency that works with US based creators?,high,$10-20,2026-03-31T04:32:00.966630
https://www.reddit.com/r/marketing/comments/1gom6xc/looking_for_information_on_a_certain_marketing/,marketing,r/marketingLooking for information on a certain marketing agency,,high,$10-20,2026-03-31T04:32:00.966642
https://www.reddit.com/r/marketing/comments/1mf9asa/i_have_5_years_of_agency_experience_what_titles/,marketing,r/marketingI have 5 years of agency experience  what titles should I be looking for to go in-house?,,high,$10-20,2026-03-31T04:32:00.966651
https://www.reddit.com/r/marketing/comments/1ltc8e8/advice_needed_if_you_were_me_would_you_hire_an/,marketing,r/marketingAdvice Needed - If you were me  would you hire an agency? If so  what sort of agency should I consider? TIA,,high,$10-20,2026-03-31T04:32:00.966661
https://www.reddit.com/r/marketing/comments/1g21sbn/looking_to_build_an_agency_advice/,marketing,r/marketingLooking to build an agency- advice?,,medium,$0.50-2,2026-03-31T04:32:00.966670
https://www.reddit.com/r/marketing/comments/1gzs40j/looking_for_a_reputable_marketing_company/,marketing,r/marketingLooking for a reputable marketing company,,high,$10-20,2026-03-31T04:32:00.966678
https://www.reddit.com/r/marketing/comments/xga7n8/has_anyone_actually_worked_with_an_impressive/,marketing,r/marketingHas anyone actually worked with an impressive agency?,,medium,$0.50-2,2026-03-31T04:32:00.966686
https://www.reddit.com/r/marketing/comments/1ltz2oj/looking_for_a_list_of_the_top_100_agencies_in/,marketing,r/marketingLooking for a List of the Top 100 Agencies in Europe (or the Top Agency from Each Major Country),,high,$10-20,2026-03-31T04:32:00.966694
https://www.reddit.com/r/marketing/comments/sjjpry/how_to_find_another_companys_marketing_agency/,marketing,r/marketingHow to find another company’s marketing agency?,,medium,$0.50-2,2026-03-31T04:32:00.966706
https://www.reddit.com/r/marketing/comments/1nxywc4/looking_for_advice_or_recommendations_on_new/,marketing,Looking for advice or recommendations on new editorial agency : r/marketing,It’s not an area my agency focuses on  but I have many many US agency owners in my network and with better context am willing to help you find some options · marketing feels like an endless chase of leads  and I’m tired ... For marketing communications + advertising industry professionals to discuss,high,$10-20,2026-03-31T04:32:00.966719
https://www.reddit.com/r/marketing/comments/1chxr4x/looking_for_advice_staffing_agencies_for/,marketing,r/marketingLooking for advice: Staffing agencies for entry-level marketing job placement,,high,$10-20,2026-03-31T04:32:00.966735
https://www.reddit.com/r/marketing/comments/1cz4whw/im_looking_for_the_platform_that_an_agency/,marketing,r/marketingI'm looking for the platform that an agency reached out to me. Could you please help?,,high,$10-20,2026-03-31T04:32:00.966747
https://www.reddit.com/r/marketing/comments/1lqb21x/questions_72andsunny_marketing_agency_reaching/,marketing,r/marketingQuestions: 72andSunny (marketing agency) reaching out with remote jobs,,medium,$0.50-2,2026-03-31T04:32:00.966755
https://www.reddit.com/r/marketing/comments/tdgvqx/working_in_house_vs_agency_why_stay_in_an_agency/,marketing,r/marketingWorking in house vs agency. Why stay in an agency?,,medium,$0.50-2,2026-03-31T04:32:00.966836
https://www.reddit.com/r/startups/comments/16b7q4v/how_do_you_actually_start_with_marketing/,startups,r/startupsHow do you actually start with marketing?,,medium,$0.50-2,2026-03-31T04:32:02.723800
https://www.reddit.com/r/startups/comments/1ajbnoj/marketing_strategy_for_earlystage_startup/,startups,r/startupsMarketing strategy for early-stage startup,,medium,$0.50-2,2026-03-31T04:32:02.723842
https://www.reddit.com/r/startups/comments/1fk0a0j/how_do_you_market_your_app/,startups,r/startupsHow do you market your app,,medium,$0.50-2,2026-03-31T04:32:02.723853
https://www.reddit.com/r/startups/comments/1runlho/trying_out_different_marketing_strategies_nothing/,startups,r/startupsTrying out different marketing strategies  nothing seems to work - i will not promote,,medium,$0.50-2,2026-03-31T04:32:02.723861
https://www.reddit.com/r/startups/comments/1krhysv/as_a_tech_founder_how_did_you_learn_to_market/,startups,r/startupsAs a tech founder how did you learn to market your B2C product? “I will not promote”,,medium,$0.50-2,2026-03-31T04:32:02.723899
https://www.reddit.com/r/startups/comments/1fqmugg/solopreneurs_whats_your_gotomarket_strategy/,startups,r/startupsSolopreneurs  what’s your go-to-market strategy ?,,medium,$0.50-2,2026-03-31T04:32:02.723911
https://www.reddit.com/r/startups/comments/p9i9vi/should_i_hire_a_marketing_agency_or_parttime_in/,startups,r/startupsShould I hire a marketing agency or part-time in house marketing team?,,medium,$0.50-2,2026-03-31T04:32:02.723920
https://www.reddit.com/r/startups/comments/1jkj0hh/how_did_you_build_your_marketing_strategy_as_a/,startups,How did you build your marketing strategy as a startup founder? i will not promote : r/startups,Just ask chat gpt to help you build the strategy. If you want work done (like actually managing some social account) then you can hire people but I don't think it make sense for a start up at early stage. You want a consultant / hire / business co-founder when you want specific industry knowledge or,medium,$0.50-2,2026-03-31T04:32:02.723932
https://www.reddit.com/r/startups/comments/1kr41am/marketing_your_own_startup_is_a_different_beast_i/,startups,r/startupsMarketing your own startup is a different beast (I will not promote),,medium,$0.50-2,2026-03-31T04:32:02.723944
https://www.reddit.com/r/startups/comments/1ervb4i/how_do_i_look_for_marketing_agency_owners/,startups,r/startupsHow do I look for marketing agency owners?,,medium,$0.50-2,2026-03-31T04:32:02.723953
https://www.reddit.com/r/startups/comments/o109c5/how_to_find_a_marketing_advisor_for_early_stage/,startups,r/startupsHow to find a marketing advisor for early stage startup?,,medium,$0.50-2,2026-03-31T04:32:02.723960
https://www.reddit.com/r/startups/comments/1akqpeh/how_do_i_find_marketing_agencies_that_work_with/,startups,r/startupsHow do i find marketing agencies that work with fast growing startups?,,medium,$0.50-2,2026-03-31T04:32:02.723967
https://www.reddit.com/r/startups/comments/3tcear/need_advice_on_marketing_saas,startups,r/startups - Need advice on marketing saas.,,high,$10-20,2026-03-31T04:32:02.723975
https://www.reddit.com/r/startups/comments/1ejx51m/should_i_hire_for_marketing/,startups,r/startupsShould I hire for marketing,,medium,$0.50-2,2026-03-31T04:32:02.723981
https://www.reddit.com/r/startups/comments/1eby0rn/company_growth_has_plateaued_but_we_havent/,startups,[Mature Content] r/startupsCompany growth has plateaued  but we haven’t started marketing - where do we start?,,medium,$0.50-2,2026-03-31T04:32:02.723989
https://www.reddit.com/r/startups/comments/1gcupz7/how_important_do_you_think_social_media_marketing/,startups,r/startupsHow important do you think social media marketing is when developing a startup?,,medium,$0.50-2,2026-03-31T04:32:02.723998
https://www.reddit.com/r/startups/comments/d3r0xk/how_do_you_findhire_a_marketing_person_whos/,startups,r/startupsHow do you find/hire a marketing person who's startup oriented and would be the 1 and only marketing person on the team?,,medium,$0.50-2,2026-03-31T04:32:02.724005
https://www.reddit.com/r/startups/comments/1n0epou/build_a_great_product_but_have_no_marketing_money/,startups,r/startupsBuild a great product but have no marketing money left. How to continue? I will not promote,,medium,$0.50-2,2026-03-31T04:32:02.724013
https://www.reddit.com/r/startups/comments/1b3pki6/what_are_somethings_you_need_to_know_when/,startups,r/startupsWhat are somethings you need to know when marketing your software ?,,high,$10-20,2026-03-31T04:32:02.724021
https://www.reddit.com/r/startups/comments/1gqxy2c/struggling_with_product_marketing_earlystage/,startups,r/startupsStruggling with Product Marketing – Early-Stage Founders  How Are You Handling It?,,medium,$0.50-2,2026-03-31T04:32:02.724029
https://www.reddit.com/r/marketing/comments/1kwfvds/what_are_some_reputable_digital_marketing/,marketing,r/marketingWhat are some reputable digital marketing agencies you've worked with that deliver real results?,,medium,$0.50-2,2026-03-31T04:32:04.589980
https://www.reddit.com/r/marketing/comments/1izocaa/can_i_get_recommendations_for_marketing_agencies/,marketing,Can I get recommendations for Marketing Agencies y'all ...,We cannot provide a description for this page right now,high,$10-20,2026-03-31T04:32:04.590020
https://www.reddit.com/r/marketing/comments/1grc4r4/looking_for_an_agency_recommendation/,marketing,r/marketingLooking for an agency recommendation,,high,$10-20,2026-03-31T04:32:04.590031
https://www.reddit.com/r/marketing/comments/1irtgij/what_are_the_most_prestigious_marketing_companies/,marketing,r/marketingWhat Are the Most Prestigious Marketing Companies to Work For?,,medium,$0.50-2,2026-03-31T04:32:04.590039
https://www.reddit.com/r/marketing/comments/z9qin4/can_anyone_recommend_a_good_linkedin_agency_for/,marketing,r/marketingCan anyone recommend a good LinkedIn Agency for Paid Ads?,,high,$10-20,2026-03-31T04:32:04.590047
https://www.reddit.com/r/marketing/comments/xga7n8/has_anyone_actually_worked_with_an_impressive/,marketing,r/marketingHas anyone actually worked with an impressive agency?,,medium,$0.50-2,2026-03-31T04:32:04.590054
https://www.reddit.com/r/marketing/comments/1le6ypu/paid_media_agency_recs/,marketing,r/marketingPaid Media agency recs,,medium,$0.50-2,2026-03-31T04:32:04.590061
https://www.reddit.com/r/marketing/comments/1l5n2p5/best_agency_for_great_design_impactful_direct/,marketing,r/marketingBest agency for GREAT design  impactful direct response creative?,,high,$10-20,2026-03-31T04:32:04.590072
https://www.reddit.com/r/marketing/comments/17qttfp/how_do_you_find_ad_agencies_to_work_with/,marketing,r/marketingHow do you find ad agencies to work with?,,medium,$0.50-2,2026-03-31T04:32:04.590081
https://www.reddit.com/r/marketing/comments/ogx935/do_you_like_working_for_an_agency_or_in_a/,marketing,r/marketingDo you like working for an agency or in a company's marketing department better?,,medium,$0.50-2,2026-03-31T04:32:04.590089
https://www.reddit.com/r/marketing/comments/hqbk1u/influencer_management_agencies_that_worth_it/,marketing,r/marketingInfluencer management agencies that worth it?,,medium,$0.50-2,2026-03-31T04:32:04.590096
https://www.reddit.com/r/marketing/comments/1nbi5vu/marketing_agency_quotes_are_wild/,marketing,r/marketingMarketing agency quotes are wild.,,medium,$0.50-2,2026-03-31T04:32:04.590102
https://www.reddit.com/r/marketing/comments/xdh9aq/why_do_you_think_all_agencies_are_a_mess/,marketing,r/marketingWhy do you think all agencies are a mess?,,medium,$0.50-2,2026-03-31T04:32:04.590108
https://www.reddit.com/r/marketing/comments/1gc4n82/can_anyone_recommend_a_strong_social_media_ad/,marketing,Can anyone recommend a strong social media ad agency? : r/marketing,We run social ads quite well  have done over $300M in sales and are hired to fix other agencies setups and issues  and the test budget for month 1 starts at 10k plus agency fee.,high,$10-20,2026-03-31T04:32:04.590116
https://www.reddit.com/r/marketing/comments/158ueax/finding_brand_marketing_agencies/,marketing,r/marketingFinding Brand Marketing Agencies?,,medium,$0.50-2,2026-03-31T04:32:04.590125
https://www.reddit.com/r/marketing/comments/1crabs8/best_marketing_agencies/,marketing,r/marketingBest marketing agencies,,high,$10-20,2026-03-31T04:32:04.590132
https://www.reddit.com/r/marketing/comments/1ltz2oj/looking_for_a_list_of_the_top_100_agencies_in/,marketing,r/marketingLooking for a List of the Top 100 Agencies in Europe (or the Top Agency from Each Major Country),,high,$10-20,2026-03-31T04:32:04.590138
https://www.reddit.com/r/marketing/comments/tysh5e/hiring_a_marketing_agency_where_do_i_start/,marketing,r/marketingHiring a Marketing agency. Where do I start?,,medium,$0.50-2,2026-03-31T04:32:04.590145
https://www.reddit.com/r/marketing/comments/10atxep/how_to_find_agencies_that_work_with_a_company/,marketing,r/marketingHow to find agencies that work with a company,,medium,$0.50-2,2026-03-31T04:32:04.590152
https://www.reddit.com/r/marketing/comments/1e5lnej/company_i_work_for_is_looking_to_rfp_our_website/,marketing,r/marketingCompany I work for is looking to RFP our website work. How do you find agencies to reach out to?,,medium,$0.50-2,2026-03-31T04:32:04.590159
