post_url,subreddit,post_id,post_title,post_content,upvotes,comments,intent_score,industry,notes,extracted_date,value_estimate
https://www.reddit.com/r/marketing/comments/1ltc8e8/advice_needed_if_you_were_me_would_you_hire_an/,marketing,1ltc8e8,"Advice Needed - If you were me, would you hire an agency? If so, what sort of agency should I consider? TIA",TLDR - One person marketing team feeling overwhelmed by lack of structure at a company that has never really needed a marketing department or budget. ...,0,0,high,marketing,,2026-03-23T04:30:25.586626,$10-20
https://www.reddit.com/r/marketing/comments/1blxvjb/a_oneman_marketing_department_im_really/,marketing,1blxvjb,A one-man marketing department. I’m really struggling. Anyone else?,"Hi. I really need help/advice. For info, I'm 26/M. I joined a family-run business nearly 12 months ago as a marketing assistant. This has been my first marketing role - I studied it at university (UK). So, before this role, my experience was very limited - but I'm well spoken, had the right attitude and they really liked my style of writing (I submitted personal work as part of the ...",0,0,high,marketing,,2026-03-23T04:30:25.586655,$10-20
https://www.reddit.com/r/marketing/comments/we8hr0/ideas_how_to_obtain_clients_when_starting/,marketing,we8hr0,Ideas how to obtain clients when starting : r/marketing - Reddit,"Basically I'm able to offer any type of marketing solutions including page building , CRM and more . Also I have a partnership with a really big marketing agency if I happen to get a really big project and need help.",0,0,high,marketing,,2026-03-23T04:30:25.586661,$10-20
https://www.reddit.com/r/marketing/comments/16oiwgx/i_need_help_marketing/,marketing,16oiwgx,I need help marketing : r/marketing - Reddit,I need help marketing I just started my own health insurance agency and just struggling with marketing and getting exposure. What's helped you build your brand and gain market exposure?,0,0,high,marketing,,2026-03-23T04:30:25.586667,$10-20
https://www.reddit.com/r/marketingagency/,marketingagency,,A Community For Marketing Agency Owners,"/marketingagency: A promotion-free community for marketing agency owners (and aspiring marketers) to talk, ask, help, etc. No sales, no nonsense.",0,0,low,marketing,,2026-03-23T04:30:25.586672,$0.50-2
https://www.reddit.com/r/marketing/comments/1gat2h2/need_help_from_a_creative_agency/,marketing,1gat2h2,Need help from a creative agency : r/marketing,Need help from a creative agency. Hey Reddit! I'm reaching out to gather insights from creative agencies and freelancers. I'm in the process ...,0,0,high,marketing,,2026-03-23T04:30:25.586678,$10-20
https://www.reddit.com/r/marketing/comments/133uv23/need_help_with_marketing_my_small_instagram/,marketing,133uv23,Need help with marketing my small Instagram business : r/marketing - Reddit,"I struggled to reach 1k followers until I enlisted the help of a marketing agency called AscendViral. They helped me gain followers, which led to more views on my reels and an increase in customers.",0,0,high,marketing,,2026-03-23T04:30:25.586686,$10-20
https://www.reddit.com/r/marketing/comments/1i60d35/cpg_agency/,marketing,1i60d35,CPG Agency,,0,0,unknown,marketing,,2026-03-23T04:30:25.586695,$0-0.50
https://www.reddit.com/r/marketing/comments/19398v6/i_need_recommendations_for_a_marketing_agency/,marketing,19398v6,I need recommendations for a marketing agency specialized in ...,"The account is in Latam we sell t-shirts and stuff but we need help with ads, if you have worked with anybody that you liked let me know please.",0,0,high,marketing,,2026-03-23T04:30:25.586703,$10-20
https://www.reddit.com/r/marketing/comments/jyotmq/how_do_i_get_an_entry_level_marketing_job_that/,marketing,jyotmq,How do I get an entry level marketing job that isn't sales ... - Reddit,You can find pages that people try to learn about marketing or need help. Find their posts in pages or find their comments. Show them your knowledge. Help people free. Build up your experience + reviews about your experience. Go Twitter write about your knowledge give people free tips about marketing.,0,0,high,marketing,,2026-03-23T04:30:25.586708,$10-20
https://www.reddit.com/r/marketing/comments/13rut13/need_help_i_am_paying_wishpond_a_marketing_agency/,marketing,13rut13,"NEED HELP - I am paying Wishpond, a marketing agency, it has been two months and nothing has been delivered to me. I send emails, and the account manager is not properly answering my questions or responding in a timely manner. What can I do?",,0,0,high,marketing,,2026-03-23T04:30:25.586714,$10-20
https://www.reddit.com/r/marketing/comments/lvr5cz/finding_agencies_freelancers_to_help/,marketing,lvr5cz,Finding Agencies & Freelancers to Help : r/marketing,What are you great at that people need help with that you can do with minimal supervision and that you can report on? (Reporting is the key ...,0,0,high,marketing,,2026-03-23T04:30:25.586719,$10-20
https://www.reddit.com/r/marketing/comments/13w9czk/im_stuck_in_a_terrible_small_agency_and_want_out/,marketing,13w9czk,I'm stuck in a terrible small agency and want out. I feel trapped.,"I'd recommend you first of all, the free courses, degrees and everything people has been suggesting. In second place, and this might sound farfetch but I've seen it working, you might need help of a career coach. People who are experts in the job market, what you need to do, roleplay interviews, etc.",0,0,high,marketing,,2026-03-23T04:30:25.586724,$10-20
https://www.reddit.com/r/marketing/comments/pp8elq/digital_marketing_agencies_generating_agency/,marketing,pp8elq,Digital marketing agencies generating agency leads through social?,,0,0,low,marketing,,2026-03-23T04:30:25.586728,$0.50-2
https://www.reddit.com/r/marketing/comments/16pls06/i_started_a_marketing_agency_and_its_taking_off_i/,marketing,16pls06,"I started a marketing agency and it's taking off, I need freelancers. Any ...",So I've been in sales and marketing for about 16 years but always with a large corporation in my particular industry. I needed to get away from my last ...,0,0,low,marketing,,2026-03-23T04:30:25.586732,$0.50-2
https://www.reddit.com/r/marketing/comments/yb4yt2/beginner_trying_to_work_for_a_marketing_agency/,marketing,yb4yt2,Beginner trying to work for a Marketing Agency,,0,0,unknown,marketing,,2026-03-23T04:30:25.586736,$0-0.50
https://www.reddit.com/r/marketing/comments/1qmuaa8/how_to_find_a_marketing_agency_or_go_about/,marketing,1qmuaa8,How to find a marketing agency or go about managing ads directly with the companies that own the advertising spaces,,0,0,medium,marketing,,2026-03-23T04:30:25.586741,$2-10
https://www.reddit.com/r/marketing/comments/1erky84/seeking_performance_based_agency/,marketing,1erky84,Seeking Performance Based Agency : r/marketing,"Hello, I need help finding a Result Driven Marketing Agency and have no idea where to start. About Me: I am a successful experience creator ...",0,0,high,marketing,,2026-03-23T04:30:25.586745,$10-20
https://www.reddit.com/r/marketing/comments/1fsey0t/advice_for_marketing_my_small_business_please/,marketing,1fsey0t,Advice for marketing my small business please.,,0,0,unknown,marketing,,2026-03-23T04:30:25.586753,$0-0.50
https://www.reddit.com/r/marketing/comments/1gbac2e/my_firm_hired_an_award_winning_marketing_agency/,marketing,1gbac2e,My Firm Hired An Award Winning Marketing Agency and We're ...,"I worked with a lending firm before via an agency, the agency was my client. ... Need help finding the right branding agency · r/marketing icon. r ...",0,0,high,marketing,,2026-03-23T04:30:25.586757,$10-20
https://www.reddit.com/r/marketing/comments/yr0wz8/need_help_finding_the_right_branding_agency/,marketing,yr0wz8,Need help finding the right branding agency : r/marketing,"Need help finding the right branding agency. Question. Hi guys,. My partner and I have been running our business for the last 2 years which is ...",0,0,high,marketing,,2026-03-23T04:30:25.586762,$10-20
https://www.reddit.com/r/marketing/comments/thazic/do_i_take_the_lower_paying_agency_job_to_gain/,marketing,thazic,Do I take the lower paying agency job to gain more experience or stay at a higher paying in house where I’m more bottle necked?,,0,0,low,marketing,,2026-03-23T04:30:25.586768,$0.50-2
https://www.reddit.com/r/marketing/comments/1h81v99/helpp_confused_need_help_growing_app_insta_page/,marketing,1h81v99,Helpp confused need help growing app insta page : r/marketing,Avg views before marketing agency 1800-2000 Avg views with marketing agency ... Need help setting up adding guests with VDO ninja through OBS I ...,0,0,high,marketing,,2026-03-23T04:30:25.586773,$10-20
https://www.reddit.com/r/marketing/comments/2ezrke/difference_between_marketing_agency_and_marketing/,marketing,2ezrke,"Difference Between ""Marketing Agency"" and ""Marketing Firm""? Or is there really?",,0,0,medium,marketing,,2026-03-23T04:30:25.586777,$2-10
https://www.reddit.com/r/startups/comments/1akqpeh/how_do_i_find_marketing_agencies_that_work_with/,startups,1akqpeh,How do i find marketing agencies that work with fast growing startups?,Does anyone know of any marketing agencies that work with fast growing start ups? Agencies that have worked with companies that are now pretty big ...,0,0,low,marketing,,2026-03-23T04:30:25.587091,$0.50-2
https://www.reddit.com/r/startups/comments/1aizo7x/looking_for_a_cofounder/,startups,1aizo7x,Looking for a co-founder : r/startups - Reddit,Its like basically looking for someone to do all the most complex time consuming work while you do essentially nothing as you need an mvp to get users. The only thing is to get a big pre mvp signups list and you may get a tech co founder.,0,0,high,marketing,,2026-03-23T04:30:25.587102,$10-20
https://www.reddit.com/r/startups/comments/1fn60iz/is_it_possible_to_find_a_marketingfocused/,startups,1fn60iz,Is it possible to find a marketing-focused cofounder?,Looking for a Growth marketer / Agency to help us launch in the USA [Help Needed]. 2. 4. How to find a marketing advisor for early stage ...,0,0,high,marketing,,2026-03-23T04:30:25.587110,$10-20
https://www.reddit.com/r/startups/comments/1d6kt65/looking_for_businessminded_friends/,startups,1d6kt65,Looking for business-minded friends : r/startups - Reddit,Im 30 and figuring out how to start a boutique agency/consultancy but I don't have any developer friends that can help me build things (I come from a product background) Would LOVE to meet people and hear their stories!,0,0,high,marketing,,2026-03-23T04:30:25.587114,$10-20
https://www.reddit.com/r/startups/comments/16pppg1/startup_founders_what_has_been_your_experience/,startups,16pppg1,"Startup founders, what has been your experience using recruiting agencies?",,0,0,low,marketing,,2026-03-23T04:30:25.587119,$0.50-2
https://www.reddit.com/r/startups/comments/1grc4dm/looking_for_agency_recommendations/,startups,1grc4dm,Looking for agency recommendations : r/startups,"We're looking for a boutique agency with an agile, progressive approach with an innovative social first / guerrilla mindset to tactics. Anyone ...",0,0,high,marketing,,2026-03-23T04:30:25.587124,$10-20
https://www.reddit.com/r/startups/comments/1bf84uv/where_do_you_find_your_first_devs_to_build_the_mvp/,startups,1bf84uv,Where do you find your first devs to build the MVP? - Reddit,I am looking for a little advice on where startups founders usually go to find their first developers to hire/contract and what is important for them in the initial phase. Are you searching for an agency to do the work or do you prefer to hire/contract the dev directly?,0,0,high,marketing,,2026-03-23T04:30:25.587128,$10-20
https://www.reddit.com/r/startups/comments/p9i9vi/should_i_hire_a_marketing_agency_or_parttime_in/,startups,p9i9vi,Should I hire a marketing agency or part-time in house marketing team?,,0,0,low,marketing,,2026-03-23T04:30:25.587132,$0.50-2
https://www.reddit.com/r/startups/comments/1h4qv9r/where_do_i_find_seo_agencies_or_small_business/,startups,1h4qv9r,Where do I find SEO agencies or small business owners that I can partner ...,I need help with this. Paying customers is hard nowadays and we only get more free users for our tool. Now I am thinking if looking for small SEO agencies ...,0,0,high,marketing,,2026-03-23T04:30:25.587136,$10-20
https://www.reddit.com/r/startups/comments/1akbqhg/finding_a_cto/,startups,1akbqhg,Finding a CTO : r/startups - Reddit,Are you still looking for one? And do you have product? Cuz I had a agency which I turned off few months back but I'm looking create something of own or join a founding team.,0,0,high,marketing,,2026-03-23T04:30:25.587141,$10-20
https://www.reddit.com/r/startups/comments/d3r0xk/how_do_you_findhire_a_marketing_person_whos/,startups,d3r0xk,How do you find/hire a marketing person who's startup oriented and would be the 1 and only marketing person on the team?,,0,0,low,marketing,,2026-03-23T04:30:25.587145,$0.50-2
https://www.reddit.com/r/startups/comments/16af4y3/startup_founders_how_do_you_pick_the_right/,startups,16af4y3,"Startup Founders, How do you pick the right digital marketing agency to work ...","Startup Founders, How do you pick the right digital marketing agency to work with? ... Looking for advice from people who've scaled successfully.",0,0,high,marketing,,2026-03-23T04:30:25.587152,$10-20
https://www.reddit.com/r/startups/comments/1as2d9e/how_to_find_technical_cofounders_my_experience/,startups,1as2d9e,How to find technical cofounders (my experience) : r/startups,"An important thing that I want to add: Don't go looking for something you call a technical cofounder when you practically only want a ""free"" programmer implementing your idea. There's a huge difference between a cofounder and an employee, and there's a huge difference between the skillsets of a CTO and that of ""only"" a developer. Understand what you're looking for. And ...",0,0,high,marketing,,2026-03-23T04:30:25.587157,$10-20
https://www.reddit.com/r/startups/comments/vapg6j/are_brand_design_agencies_worth_it/,startups,vapg6j,Are brand design agencies worth it?,,0,0,unknown,marketing,,2026-03-23T04:30:25.587161,$0-0.50
https://www.reddit.com/r/startups/comments/189xsii/how_do_i_find_customersclients_for_my_new_it/,startups,189xsii,How do I find customers/clients for my new IT outsourcing company?,"Where I would start if I were you, focus on job ads where companies are looking for the talent your team possesses. Reach out to them and ask them if they are open to a contracted or project work while they are filling the roles. Pitch it that you will help keep things moving forward on their projects while they get there hires sorted and settled.",0,0,high,marketing,,2026-03-23T04:30:25.587165,$10-20
https://www.reddit.com/r/startups/comments/1iacnqp/most_marketing_agencies_dont_focus_enough_on/,startups,1iacnqp,(Most) marketing agencies don’t focus enough on revenue … I will not promote,,0,0,low,marketing,,2026-03-23T04:30:25.587170,$0.50-2
https://www.reddit.com/r/startups/comments/1mh93th/is_it_worth_getting_into_ai_automation_services/,startups,1mh93th,Is it worth getting into AI automation services at 20? Looking for advice on ...,"Hey! I'm 20 and live in Spain. I've been teaching myself to code for a while now (mainly Python, Java, and JavaScript) and I'm thinking about trying ...",0,0,high,marketing,,2026-03-23T04:30:25.587173,$10-20
https://www.reddit.com/r/startups/comments/14vfl9b/where_can_i_find_like_minded_people_to_do_a/,startups,14vfl9b,Where can I find like minded people to do a startup? - Reddit,"For context, I am a front end developer. I have developed the front end of a web site to host content and need a backend developer. Looking for an environment where people want to pursue a startup and grind. My current environment is full of people who just want to do the 9 to 5. That's ok but it is not my environment. Where can I look?",0,0,high,marketing,,2026-03-23T04:30:25.587178,$10-20
https://www.reddit.com/r/startups/comments/1j8b1nc/looking_for_help_to_build_a_website_for_my/,startups,1j8b1nc,Looking for Help to Build a Website for My Startup (Budget-Friendly) I will not promote.,,0,0,high,marketing,,2026-03-23T04:30:25.587182,$10-20
https://www.reddit.com/r/startups/comments/vbc1os/how_do_i_find_the_right_app_development_agency_to/,startups,vbc1os,How do I find the right app development agency to build my mobile ...,It’s been a while since I’m doing research and prototyping for an app I’m planning to build. Since I am not a mobile application developer I am ...,0,0,low,marketing,,2026-03-23T04:30:25.587186,$0.50-2
https://www.reddit.com/r/startups/comments/g81hln/how_do_i_find_startups_to_join/,startups,g81hln,How do I find start-ups to join : r/startups - Reddit,I've looked everywhere and would be great to hear some advice: I am looking for start-up opportunities in health or health-tech related start-ups to join (preferably but not necessarily) and help with launching their business - where can I look or ask?,0,0,high,marketing,,2026-03-23T04:30:25.587190,$10-20
https://www.reddit.com/r/startups/comments/1nt8dan/hiringseekingoffering_jobs_cofounders_weekly/,startups,1nt8dan,[Hiring/Seeking/Offering] Jobs / Co-Founders Weekly Thread,,0,0,low,marketing,,2026-03-23T04:30:25.587197,$0.50-2
https://www.reddit.com/r/startups/comments/1ervb4i/how_do_i_look_for_marketing_agency_owners/,startups,1ervb4i,How do I look for marketing agency owners? : r/startups,Im technical also decent at sales the problem I face is finding marketing agency owners who are handling multiple clients with multiple channels under ...,0,0,low,marketing,,2026-03-23T04:30:25.587201,$0.50-2
https://www.reddit.com/r/startups/comments/1c0iwub/the_journey_of_finding_a_cto/,startups,1c0iwub,The Journey of Finding a CTO : r/startups - Reddit,Yes you will still own a lot more of the company and be CEO but calling yourself the owner will instantly turn the type of people you are looking for off. You need to network and think of yourself as an entrepreneur building something not an owner.,0,0,high,marketing,,2026-03-23T04:30:25.587207,$10-20
https://www.reddit.com/r/startups/comments/18gq911/comments_on_this_digital_marketing_agency_plan/,startups,18gq911,Comments on this digital marketing agency plan,,0,0,unknown,marketing,,2026-03-23T04:30:25.587211,$0-0.50
https://www.reddit.com/r/startups/comments/1o139fi/looking_to_connect_with_agencies_that_provide_erp/,startups,1o139fi,Looking to connect with agencies that provide ERP solutions. (I will not ...,"Looking for digital solutions for ERP/SCM/ECM in a small company, Any recommendations? r/engineering. • 1y ago. Looking for digital solutions ...",0,0,high,marketing,,2026-03-23T04:30:25.587215,$10-20
https://www.reddit.com/r/startups/comments/1ojaeya/how_can_i_find_a_marketing_professional_cmo_i/,startups,1ojaeya,How Can I find a Marketing Professional / CMO (I will not promote),,0,0,low,marketing,,2026-03-23T04:30:25.587219,$0.50-2
https://www.reddit.com/r/startups/comments/1eji59a/help_needed_looking_for_social_media_content/,startups,1eji59a,Help needed: Looking for Social Media Content Creator / Manager ...,"I am tired of looking for social media managers, who can also create / design content since i am only a developer but as we have bootstrapped ...",0,0,high,marketing,,2026-03-23T04:30:25.587223,$10-20
https://www.reddit.com/r/startups/comments/1exqz0e/travel_agency_business/,startups,1exqz0e,Travel Agency Business,,0,0,unknown,marketing,,2026-03-23T04:30:25.587227,$0-0.50
https://www.reddit.com/r/startups/comments/1gvrdzj/need_a_new_ui_design_best_way_to_achieve_it_how/,startups,1gvrdzj,Need a new UI design - Best way to achieve it? How did you do it?,,0,0,low,marketing,,2026-03-23T04:30:25.587231,$0.50-2
https://www.reddit.com/r/startups/comments/1i29tos/as_an_early_stage_startup_how_do_you_find_and/,startups,1i29tos,"As an early stage startup, how do you find and hire tech talent on a budget?",,0,0,high,marketing,,2026-03-23T04:30:25.587238,$10-20
https://www.reddit.com/r/startups/comments/1fhq6uf/looking_for_job_boards_that_actually_post_start/,startups,1fhq6uf,Looking for job boards that actually post start up jobs,,0,0,high,marketing,,2026-03-23T04:30:25.587242,$10-20
https://www.reddit.com/r/startups/comments/9sti8y/hire_a_pr_agency_for_a_product_launch_or_do_it/,startups,9sti8y,Hire a PR agency for a product launch or do it yourself?,,0,0,low,marketing,,2026-03-23T04:30:25.587248,$0.50-2
https://www.reddit.com/r/startups/comments/1fiuzqm/looking_for_a_nontech_growth_marketing_and_design/,startups,1fiuzqm,Looking for a non-tech (growth marketing and design) co-founder?,,0,0,high,marketing,,2026-03-23T04:30:25.587253,$10-20
https://www.reddit.com/r/startups/comments/1o4rvy6/how_do_early_startups_usually_handle_recruiting_i/,startups,1o4rvy6,How do early startups usually handle recruiting? (I will not promote),,0,0,low,marketing,,2026-03-23T04:30:25.587257,$0.50-2
https://www.reddit.com/r/startups/comments/10iwa3m/how_to_get_involved_with_early_stage_startups_as/,startups,10iwa3m,How to get involved with early stage startups as an amateur UX/UI designer,,0,0,low,marketing,,2026-03-23T04:30:25.587263,$0.50-2
https://www.reddit.com/r/seogrowth/comments/1nj804u/what_is_seo_and_how_to_do_seo/,seogrowth,1nj804u,r/seogrowth on Reddit: What is Seo and How to do seo?,,0,0,low,marketing,,2026-03-23T04:30:25.587503,$0.50-2
https://www.reddit.com/r/SEO/comments/17hpt9g/need_help/,SEO,17hpt9g,NEED HELP!!!! : r/SEO,NEED HELP!!!! I new to SEO and ...,0,0,high,marketing,,2026-03-23T04:30:25.587509,$10-20
https://www.reddit.com/r/seogrowth/,seogrowth,,r/seogrowth,"Subreddit dedicated to growing blogs, websites, and businesses via SEO. Home to the best tips, tricks, case studies and more! Not sure where to start? Check the pinned post for a starter guide.",0,0,low,marketing,,2026-03-23T04:30:25.587514,$0.50-2
https://www.reddit.com/r/SEO/comments/1h48rzt/need_help/,SEO,1h48rzt,Need help : r/SEO,"Need help ... I have created one one website with next js and earlier all pages where fine but I had canonical errors in my website. Meanwhile, I ...",0,0,high,marketing,,2026-03-23T04:30:25.587518,$10-20
https://www.reddit.com/r/seogrowth/comments/1iykpjd/why_is_seo_so_hard_for_small_businesses_i_need/,seogrowth,1iykpjd,r/seogrowth on Reddit: Why Is SEO So Hard for Small Businesses? (I Need Help!),,0,0,high,marketing,,2026-03-23T04:30:25.587526,$10-20
https://www.reddit.com/r/SEO/comments/1d6xq19/need_help/,SEO,1d6xq19,Need help : r/SEO,Anyone need help?,0,0,high,marketing,,2026-03-23T04:30:25.587531,$10-20
https://www.reddit.com/r/seoul/,seoul,,r/seoul,"I just found this group and I am looking for a private guide in Seoul for October for a Hungarian elderly couple. They don't speak English, so they would need someone for 2 days to guide them around, to show them Seoul.",0,0,high,marketing,,2026-03-23T04:30:25.587534,$10-20
https://www.reddit.com/r/SEO/comments/1qv06ef/need_help_with_sitemaps_no_referring_sitemaps/?tl=de,SEO,1qv06ef,Need help with Sitemaps No referring sitemaps detected : r/SEO,"Need help with Sitemaps No referring sitemaps detected. Hey, ich hab schon seit Monaten Probleme mit der Indexierung. Google indexiert nur ...",0,0,high,marketing,,2026-03-23T04:30:25.587539,$10-20
https://www.reddit.com/r/seogrowth/comments/1lpuv8f/need_help_estimating_an_seo_project_budget_any/,seogrowth,1lpuv8f,r/seogrowth on Reddit: Need Help Estimating an SEO Project Budget! Any Free Tools or Formulas?,,0,0,high,marketing,,2026-03-23T04:30:25.587543,$10-20
https://www.reddit.com/r/SEO/comments/1fgtpxx/need_help/,SEO,1fgtpxx,Need help : r/SEO,Need help. I will really appreciate you helping me I have a basic knowledge of SEO I want to start to optimise my site web Any help or ...,0,0,high,marketing,,2026-03-23T04:30:25.587548,$10-20
https://www.reddit.com/r/seokeyword/,seokeyword,,r/seokeyword,"Welcome to r/SEOKeywords – your go-to place for SEO discussions, keyword research, ranking strategies, and the latest Google updates! 🚀 Join us to share tips, ask questions, and improve your website’s search visibility. Whether you’re a beginner or an expert, this community is for everyone.",0,0,low,marketing,,2026-03-23T04:30:25.587551,$0.50-2
https://www.reddit.com/r/SEO/comments/1frczqm/need_help/,SEO,1frczqm,Need Help : r/SEO,"Need Help. I've been working on an eCommerce website that sells SaaS ... Need Help. 5. 9. Sites you use to discuss TV shows, other than ...",0,0,high,marketing,,2026-03-23T04:30:25.587558,$10-20
https://www.reddit.com/r/seogrowth/comments/1610mt4/what_are_the_best_practices_for_creating_and/,seogrowth,1610mt4,r/seogrowth on Reddit: What are the best practices for creating and setting up SEO for a one-page website?,,0,0,low,marketing,,2026-03-23T04:30:25.587563,$0.50-2
https://www.reddit.com/r/SEO/comments/1obf7ti/struggling_beginner_blogger_need_help/?tl=de,SEO,1obf7ti,"Struggling Beginner Blogger, Need Help : r/SEO","Melden. Struggling Beginner Blogger, Need Help. Entschuldige, dieser Beitrag wurde von der Person gelöscht, die ihn gepostet hat. Upvoten 7. Downvoten",0,0,high,marketing,,2026-03-23T04:30:25.587566,$10-20
https://www.reddit.com/r/seoul/comments/1kkwcyh/need_help_avoiding_influencer_traps_and_picking/,seoul,1kkwcyh,r/seoul on Reddit: Need help avoiding influencer traps and picking the right spot for a night out!,,0,0,high,marketing,,2026-03-23T04:30:25.587570,$10-20
https://www.reddit.com/r/SEO/comments/16k6e23/need_help/,SEO,16k6e23,Need Help : r/SEO,Need Help. Hey i want to know am i doing kw canibilization? i mean i ... Need help. 2 upvotes. Need help · r/7daystodie icon. r/7daystodie.,0,0,high,marketing,,2026-03-23T04:30:25.587573,$10-20
https://www.reddit.com/r/seogrowth/comments/1rea1qo/does_reddit_actually_help_with_seo_or_is_it_just/,seogrowth,1rea1qo,r/seogrowth on Reddit: Does Reddit actually help with SEO or is it just for brand awareness?,,0,0,medium,marketing,,2026-03-23T04:30:25.587576,$2-10
https://www.reddit.com/r/SEO/comments/107hxuy/need_help/,SEO,107hxuy,Need help! : r/SEO,Need help! ... I have joined the organisation as social media strategist but i am also looking after the website part now. I started working on ...,0,0,high,marketing,,2026-03-23T04:30:25.587580,$10-20
https://www.reddit.com/r/seogrowth/comments/1qe7tum/need_information_about_seo/,seogrowth,1qe7tum,r/seogrowth on Reddit: Need Information about SEO.,,0,0,unknown,marketing,,2026-03-23T04:30:25.587583,$0-0.50
https://www.reddit.com/r/SEO/comments/1fshjuy/need_help/,SEO,1fshjuy,Need Help : r/SEO,"Need Help. Hello everyone,. I've been extremely busy lately and haven ... r/FujifilmSimulations - need help. 5. 309. 22. 3rd Party Tools ...",0,0,high,marketing,,2026-03-23T04:30:25.587586,$10-20
https://www.reddit.com/r/seogrowth/comments/1nhh66z/what_are_the_best_ai_tools_for_writing_better_seo/,seogrowth,1nhh66z,r/seogrowth on Reddit: What are the best AI Tools for Writing better SEO Content?,,0,0,low,marketing,,2026-03-23T04:30:25.587590,$0.50-2
https://www.reddit.com/r/seopub/,seopub,,Reddit - The heart of the internet,You still need basic technical SEO.,0,0,low,marketing,,2026-03-23T04:30:25.587595,$0.50-2
https://www.reddit.com/r/seoul/comments/1p8rcg9/recommendations_for_a_coliving_or_digitalnomad/,seoul,1p8rcg9,r/seoul on Reddit: Recommendations for a coliving or digital‑nomad friendly area in Seoul for a solo female traveler 40+?,,0,0,high,marketing,,2026-03-23T04:30:25.587601,$10-20
https://www.reddit.com/r/seogrowth/comments/1edvx34/url_structure/,seogrowth,1edvx34,r/seogrowth on Reddit: URL structure,,0,0,unknown,marketing,,2026-03-23T04:30:25.587604,$0-0.50
https://www.reddit.com/r/seogrowth/comments/1pqk7hp/free_seo_tools_i_wish_i_knew_earlier/,seogrowth,1pqk7hp,r/seogrowth on Reddit: Free SEO tools I wish I knew earlier,,0,0,low,marketing,,2026-03-23T04:30:25.587608,$0.50-2
https://www.reddit.com/r/seogrowth/comments/1ok37vp/whats_the_most_worth_paying_for_in_seo_backlinks/,seogrowth,1ok37vp,"r/seogrowth on Reddit: What’s the most ""worth paying for"" in SEO - backlinks, content, or on-page fixes?",,0,0,low,marketing,,2026-03-23T04:30:25.587612,$0.50-2
https://www.reddit.com/r/seogrowth/comments/1pva4y0/what_are_the_top_ai_powered_seo_services_to_boost/,seogrowth,1pva4y0,r/seogrowth on Reddit: What are the top ai powered seo services to boost search rankings and enhance website performance?,,0,0,low,marketing,,2026-03-23T04:30:25.587616,$0.50-2
https://www.reddit.com/r/seogrowth/comments/1pv6f9e/do_small_businesses_really_need_advanced_seo_tools/,seogrowth,1pv6f9e,r/seogrowth on Reddit: Do small businesses really need advanced SEO tools?,,0,0,low,marketing,,2026-03-23T04:30:25.587619,$0.50-2
https://www.reddit.com/r/seogrowth/comments/1rde6tx/no_seo_result_no_mentor_what_should_i_do/,seogrowth,1rde6tx,r/seogrowth on Reddit: No seo result & no mentor - what should I do?,,0,0,low,marketing,,2026-03-23T04:30:25.587624,$0.50-2
https://www.reddit.com/r/seogrowth/comments/1mzjm5a/top_5_ai_tools_ive_been_using_for_seo_content_in/,seogrowth,1mzjm5a,r/seogrowth on Reddit: Top 5 AI Tools I’ve Been Using for SEO Content in 2025,,0,0,low,marketing,,2026-03-23T04:30:25.587635,$0.50-2
